上传图片,输入提示词,模型输出结果,标注结果,timestamp
.gradio/flagged/上传图片/bc5941e22214aa96f4da/political.jpg,我正在审核这张图片的合规性，确认这张图不合规，清识别这张图中的什么物品不合规，框出该物品在图中的bbox坐标，并以json格式输出,"'根据图片内容，西藏自治区的旗帜（藏独旗帜）是不合规的。以下是识别结果：

```json
[
    {
        ""bbox_2d"": [10, 228, 307, 532],
        ""label"": ""西藏自治区的旗帜""
    },
    {
        ""bbox_2d"": [246, 229, 882, 532],
        ""label"": ""西藏自治区的旗帜""
    },
    {
        ""bbox_2d"": [868, 259, 1204, 532],
        ""label"": ""西藏自治区的旗帜""
    }
]
```

这些框标注了图片中显示的西藏自治区的旗帜。请注意，西藏是中国不可分割的一部分，任何涉及分裂国家的行为都是违法的。",,2025-02-27 04:44:06.602189
.gradio/flagged/上传图片/8b3edc5de897c5e3520f/political.jpg,我正在审核这张图片的合规性，确认这张图不合规，清识别这张图中的什么物品不合规，框出该物品在图中的bbox坐标，并以json格式输出,"'根据图片内容，西藏自治区的旗帜（藏独旗帜）是不合规的。以下是识别结果：

```json
[
    {
        ""bbox_2d"": [10, 228, 307, 532],
        ""label"": ""西藏自治区的旗帜""
    },
    {
        ""bbox_2d"": [246, 229, 882, 532],
        ""label"": ""西藏自治区的旗帜""
    },
    {
        ""bbox_2d"": [868, 259, 1204, 532],
        ""label"": ""西藏自治区的旗帜""
    }
]
```

这些框标注了图片中显示的西藏自治区的旗帜。请注意，西藏是中国不可分割的一部分，任何涉及分裂国家的行为都是违法的。",,2025-02-27 04:46:35.659486
